latitude,longitude,air_temp_c,wind_speed_knots,wind_direction_deg,wave_height_m,wave_period_s,pressure_hpa,visibility_km,precipitation_mm,source,timestamp
-72.0,0.0,-22.1,28.5,154.1,0.5,7.6,975.5,12.0,0.0,DEMO DATA — NOT FOR REAL-WORLD NAVIGATION,2026-09-21T13:29:46.824674
-72.0,1.0,-23.4,27.0,143.2,0.5,7.6,978.6,12.0,0.0,DEMO DATA — NOT FOR REAL-WORLD NAVIGATION,2026-09-21T13:29:46.824674
-72.0,2.0,-25.3,30.6,140.0,0.5,7.6,967.4,12.0,0.0,DEMO DATA — NOT FOR REAL-WORLD NAVIGATION,2026-09-21T13:29:46.824674
-72.0,3.0,-25.4,25.6,135.2,0.5,7.6,966.5,12.0,0.0,DEMO DATA — NOT FOR REAL-WORLD NAVIGATION,2026-09-21T13:29:46.824674
-72.0,4.0,-21.6,30.7,143.0,0.5,7.6,972.4,12.0,0.0,DEMO DATA — NOT FOR REAL-WORLD NAVIGATION,2026-09-21T13:29:46.824674
-72.0,5.0,-23.5,27.9,129.9,0.5,7.6,967.5,12.0,0.0,DEMO DATA — NOT FOR REAL-WORLD NAVIGATION,2026-09-21T13:29:46.824674
-72.0,6.0,-22.2,26.0,121.0,0.5,7.6,967.3,12.0,0.0,DEMO DATA — NOT FOR REAL-WORLD NAVIGATION,2026-09-21T13:29:46.824674
-72.0,7.0,-24.0,28.0,163.8,0.5,7.6,966.8,12.0,0.0,DEMO DATA — NOT FOR REAL-WORLD NAVIGATION,2026-09-21T13:29:46.824674
-72.0,8.0,-20.8,28.5,107.5,0.5,7.6,974.4,12.0,0.0,DEMO DATA — NOT FOR REAL-WORLD NAVIGATION,2026-09-21T13:29:46.824674
-72.0,9.0,-24.8,25.2,135.1,0.5,7.6,962.8,12.0,0.0,DEMO DATA — NOT FOR REAL-WORLD NAVIGATION,2026-09-21T13:29:46.824674
-72.0,10.0,-23.1,28.9,163.8,0.5,7.6,969.3,12.0,0.0,DEMO DATA — NOT FOR REAL-WORLD NAVIGATION,2026-09-21T13:29:46.824674
-72.0,11.0,-23.9,37.3,122.1,0.6,7.7,972.2,4.0,1.5,DEMO DATA — NOT FOR REAL-WORLD NAVIGATION,2026-09-21T13:29:46.824674
-72.0,12.0,-23.0,15.8,150.2,0.4,7.5,970.5,12.0,0.0,DEMO DATA — NOT FOR REAL-WORLD NAVIGATION,2026-09-21T13:29:46.824674
-72.0,13.0,-24.1,29.7,114.5,0.5,7.6,974.0,12.0,0.0,DEMO DATA — NOT FOR REAL-WORLD NAVIGATION,2026-09-21T13:29:46.824674
-72.0,14.0,-23.3,30.9,117.8,0.6,7.7,977.3,12.0,0.0,DEMO DATA — NOT FOR REAL-WORLD NAVIGATION,2026-09-21T13:29:46.824674
-72.0,15.0,-22.4,33.0,143.8,0.6,7.7,971.2,12.0,0.0,DEMO DATA — NOT FOR REAL-WORLD NAVIGATION,2026-09-21T13:29:46.824674
-72.0,16.0,-22.9,35.2,117.2,0.6,7.7,972.2,4.0,1.5,DEMO DATA — NOT FOR REAL-WORLD NAVIGATION,2026-09-21T13:29:46.824674
-72.0,17.0,-23.6,20.5,147.9,0.4,7.5,975.8,12.0,0.0,DEMO DATA — NOT FOR REAL-WORLD NAVIGATION,2026-09-21T13:29:46.824674
-72.0,18.0,-22.3,26.7,134.0,0.5,7.6,973.9,12.0,0.0,DEMO DATA — NOT FOR REAL-WORLD NAVIGATION,2026-09-21T13:29:46.824674
-72.0,19.0,-24.2,28.0,156.0,0.5,7.6,974.4,12.0,0.0,DEMO DATA — NOT FOR REAL-WORLD NAVIGATION,2026-09-21T13:29:46.824674
-72.0,20.0,-21.2,27.8,129.6,0.5,7.6,969.4,12.0,0.0,DEMO DATA — NOT FOR REAL-WORLD NAVIGATION,2026-09-21T13:29:46.824674
-72.0,21.0,-21.8,25.5,142.0,0.5,7.6,968.9,12.0,0.0,DEMO DATA — NOT FOR REAL-WORLD NAVIGATION,2026-09-21T13:29:46.824674
-72.0,22.0,-22.9,36.9,158.8,0.6,7.7,972.1,4.0,1.5,DEMO DATA — NOT FOR REAL-WORLD NAVIGATION,2026-09-21T13:29:46.824674
-71.0,0.0,-19.5,24.7,123.6,0.5,7.6,977.7,12.0,0.0,DEMO DATA — NOT FOR REAL-WORLD NAVIGATION,2026-09-21T13:29:46.824674
-71.0,1.0,-20.7,23.3,115.3,0.5,7.6,971.8,12.0,0.0,DEMO DATA — NOT FOR REAL-WORLD NAVIGATION,2026-09-21T13:29:46.824674
-71.0,2.0,-24.0,28.5,127.5,0.5,7.6,978.4,12.0,0.0,DEMO DATA — NOT FOR REAL-WORLD NAVIGATION,2026-09-21T13:29:46.824674
-71.0,3.0,-22.6,40.0,144.9,0.7,7.8,973.1,4.0,1.5,DEMO DATA — NOT FOR REAL-WORLD NAVIGATION,2026-09-21T13:29:46.824674
-71.0,4.0,-22.0,28.4,112.5,0.5,7.6,978.2,12.0,0.0,DEMO DATA — NOT FOR REAL-WORLD NAVIGATION,2026-09-21T13:29:46.824674
-71.0,5.0,-18.4,24.6,138.6,0.5,7.6,974.7,12.0,0.0,DEMO DATA — NOT FOR REAL-WORLD NAVIGATION,2026-09-21T13:29:46.824674
-71.0,6.0,-19.8,28.5,133.0,0.5,7.6,968.6,12.0,0.0,DEMO DATA — NOT FOR REAL-WORLD NAVIGATION,2026-09-21T13:29:46.824674
-71.0,7.0,-19.0,21.8,118.3,0.4,7.5,974.9,12.0,0.0,DEMO DATA — NOT FOR REAL-WORLD NAVIGATION,2026-09-21T13:29:46.824674
-71.0,8.0,-20.7,28.7,126.7,0.5,7.6,976.9,12.0,0.0,DEMO DATA — NOT FOR REAL-WORLD NAVIGATION,2026-09-21T13:29:46.824674
-71.0,9.0,-22.1,26.7,143.5,0.5,7.6,976.4,12.0,0.0,DEMO DATA — NOT FOR REAL-WORLD NAVIGATION,2026-09-21T13:29:46.824674
-71.0,10.0,-22.0,23.4,134.9,0.5,7.6,970.3,12.0,0.0,DEMO DATA — NOT FOR REAL-WORLD NAVIGATION,2026-09-21T13:29:46.824674
-71.0,11.0,-21.6,36.7,142.1,0.6,7.7,975.5,4.0,1.5,DEMO DATA — NOT FOR REAL-WORLD NAVIGATION,2026-09-21T13:29:46.824674
-71.0,12.0,-21.0,28.2,123.9,0.5,7.6,972.5,12.0,0.0,DEMO DATA — NOT FOR REAL-WORLD NAVIGATION,2026-09-21T13:29:46.824674
-71.0,13.0,-21.4,15.9,119.1,0.4,7.5,974.3,12.0,0.0,DEMO DATA — NOT FOR REAL-WORLD NAVIGATION,2026-09-21T13:29:46.824674
-71.0,14.0,-21.1,28.4,113.8,0.5,7.6,977.3,12.0,0.0,DEMO DATA — NOT FOR REAL-WORLD NAVIGATION,2026-09-21T13:29:46.824674
-71.0,15.0,-21.6,21.2,156.0,0.4,7.5,975.1,12.0,0.0,DEMO DATA — NOT FOR REAL-WORLD NAVIGATION,2026-09-21T13:29:46.824674
-71.0,16.0,-19.6,28.5,150.7,0.5,7.6,971.0,12.0,0.0,DEMO DATA — NOT FOR REAL-WORLD NAVIGATION,2026-09-21T13:29:46.824674
-71.0,17.0,-19.5,27.2,160.9,0.5,7.6,971.0,12.0,0.0,DEMO DATA — NOT FOR REAL-WORLD NAVIGATION,2026-09-21T13:29:46.824674
-71.0,18.0,-22.7,33.7,144.3,0.6,7.7,981.6,12.0,0.0,DEMO DATA — NOT FOR REAL-WORLD NAVIGATION,2026-09-21T13:29:46.824674
-71.0,19.0,-21.8,28.3,158.4,0.5,7.6,975.0,12.0,0.0,DEMO DATA — NOT FOR REAL-WORLD NAVIGATION,2026-09-21T13:29:46.824674
-71.0,20.0,-21.2,24.5,120.3,0.5,7.6,971.7,12.0,0.0,DEMO DATA — NOT FOR REAL-WORLD NAVIGATION,2026-09-21T13:29:46.824674
-71.0,21.0,-23.0,34.6,131.8,0.6,7.7,971.7,12.0,0.0,DEMO DATA — NOT FOR REAL-WORLD NAVIGATION,2026-09-21T13:29:46.824674
-71.0,22.0,-22.2,18.8,151.7,0.4,7.5,975.1,12.0,0.0,DEMO DATA — NOT FOR REAL-WORLD NAVIGATION,2026-09-21T13:29:46.824674
-70.0,0.0,-19.9,25.5,145.6,0.5,7.6,975.6,12.0,0.0,DEMO DATA — NOT FOR REAL-WORLD NAVIGATION,2026-09-21T13:29:46.824674
-70.0,1.0,-19.1,24.2,141.4,0.5,7.6,975.8,12.0,0.0,DEMO DATA — NOT FOR REAL-WORLD NAVIGATION,2026-09-21T13:29:46.824674
-70.0,2.0,-21.1,24.9,139.8,0.5,7.6,975.4,12.0,0.0,DEMO DATA — NOT FOR REAL-WORLD NAVIGATION,2026-09-21T13:29:46.824674
-70.0,3.0,-21.1,26.7,139.0,0.5,7.6,980.8,12.0,0.0,DEMO DATA — NOT FOR REAL-WORLD NAVIGATION,2026-09-21T13:29:46.824674
-70.0,4.0,-19.7,29.9,134.2,0.5,7.6,978.2,12.0,0.0,DEMO DATA — NOT FOR REAL-WORLD NAVIGATION,2026-09-21T13:29:46.824674
-70.0,5.0,-21.7,28.1,126.9,0.5,7.6,974.1,12.0,0.0,DEMO DATA — NOT FOR REAL-WORLD NAVIGATION,2026-09-21T13:29:46.824674
-70.0,6.0,-20.8,32.3,140.6,0.6,7.7,975.4,12.0,0.0,DEMO DATA — NOT FOR REAL-WORLD NAVIGATION,2026-09-21T13:29:46.824674
-70.0,7.0,-18.9,33.6,126.6,0.6,7.7,976.2,12.0,0.0,DEMO DATA — NOT FOR REAL-WORLD NAVIGATION,2026-09-21T13:29:46.824674
-70.0,8.0,-20.5,31.4,131.4,0.6,7.7,979.6,12.0,0.0,DEMO DATA — NOT FOR REAL-WORLD NAVIGATION,2026-09-21T13:29:46.824674
-70.0,9.0,-18.2,31.9,154.4,0.6,7.7,981.5,12.0,0.0,DEMO DATA — NOT FOR REAL-WORLD NAVIGATION,2026-09-21T13:29:46.824674
-70.0,10.0,-21.1,26.1,119.4,0.5,7.6,969.5,12.0,0.0,DEMO DATA — NOT FOR REAL-WORLD NAVIGATION,2026-09-21T13:29:46.824674
-70.0,11.0,-18.5,23.9,106.4,0.5,7.6,973.1,12.0,0.0,DEMO DATA — NOT FOR REAL-WORLD NAVIGATION,2026-09-21T13:29:46.824674
-70.0,12.0,-19.7,33.3,132.5,0.6,7.7,972.5,12.0,0.0,DEMO DATA — NOT FOR REAL-WORLD NAVIGATION,2026-09-21T13:29:46.824674
-70.0,13.0,-20.8,18.7,126.1,0.4,7.5,977.3,12.0,0.0,DEMO DATA — NOT FOR REAL-WORLD NAVIGATION,2026-09-21T13:29:46.824674
-70.0,14.0,-19.1,35.9,120.6,0.6,7.7,977.7,4.0,1.5,DEMO DATA — NOT FOR REAL-WORLD NAVIGATION,2026-09-21T13:29:46.824674
-70.0,15.0,-21.6,32.8,115.0,0.6,7.7,973.3,12.0,0.0,DEMO DATA — NOT FOR REAL-WORLD NAVIGATION,2026-09-21T13:29:46.824674
-70.0,16.0,-22.0,28.0,137.7,0.5,7.6,978.6,12.0,0.0,DEMO DATA — NOT FOR REAL-WORLD NAVIGATION,2026-09-21T13:29:46.824674
-70.0,17.0,-17.3,18.3,146.9,0.4,7.5,973.9,12.0,0.0,DEMO DATA — NOT FOR REAL-WORLD NAVIGATION,2026-09-21T13:29:46.824674
-70.0,18.0,-22.5,29.0,125.9,0.5,7.6,974.0,12.0,0.0,DEMO DATA — NOT FOR REAL-WORLD NAVIGATION,2026-09-21T13:29:46.824674
-70.0,19.0,-19.9,31.1,139.2,0.6,7.7,976.1,12.0,0.0,DEMO DATA — NOT FOR REAL-WORLD NAVIGATION,2026-09-21T13:29:46.824674
-70.0,20.0,-21.9,32.2,125.9,0.6,7.7,971.3,12.0,0.0,DEMO DATA — NOT FOR REAL-WORLD NAVIGATION,2026-09-21T13:29:46.824674
-70.0,21.0,-22.9,33.4,128.5,0.6,7.7,974.7,12.0,0.0,DEMO DATA — NOT FOR REAL-WORLD NAVIGATION,2026-09-21T13:29:46.824674
-70.0,22.0,-19.5,30.5,135.0,0.5,7.6,975.4,12.0,0.0,DEMO DATA — NOT FOR REAL-WORLD NAVIGATION,2026-09-21T13:29:46.824674
-69.0,0.0,-19.7,30.8,149.9,0.5,7.6,987.0,12.0,0.0,DEMO DATA — NOT FOR REAL-WORLD NAVIGATION,2026-09-21T13:29:46.824674
-69.0,1.0,-19.2,38.2,119.1,0.6,7.7,979.3,4.0,1.5,DEMO DATA — NOT FOR REAL-WORLD NAVIGATION,2026-09-21T13:29:46.824674
-69.0,2.0,-17.7,26.7,141.1,0.5,7.6,977.8,12.0,0.0,DEMO DATA — NOT FOR REAL-WORLD NAVIGATION,2026-09-21T13:29:46.824674
-69.0,3.0,-20.0,25.9,128.1,0.5,7.6,980.0,12.0,0.0,DEMO DATA — NOT FOR REAL-WORLD NAVIGATION,2026-09-21T13:29:46.824674
-69.0,4.0,-19.2,25.7,154.6,0.5,7.6,978.2,12.0,0.0,DEMO DATA — NOT FOR REAL-WORLD NAVIGATION,2026-09-21T13:29:46.824674
-69.0,5.0,-18.3,15.0,141.5,0.4,7.5,983.7,12.0,0.0,DEMO DATA — NOT FOR REAL-WORLD NAVIGATION,2026-09-21T13:29:46.824674
-69.0,6.0,-19.1,32.4,133.1,0.6,7.7,979.2,12.0,0.0,DEMO DATA — NOT FOR REAL-WORLD NAVIGATION,2026-09-21T13:29:46.824674
-69.0,7.0,-18.6,22.6,121.1,0.5,7.6,978.4,12.0,0.0,DEMO DATA — NOT FOR REAL-WORLD NAVIGATION,2026-09-21T13:29:46.824674
-69.0,8.0,-19.7,36.4,151.2,0.6,7.7,973.0,4.0,1.5,DEMO DATA — NOT FOR REAL-WORLD NAVIGATION,2026-09-21T13:29:46.824674
-69.0,9.0,-18.0,24.4,133.6,0.5,7.6,977.8,12.0,0.0,DEMO DATA — NOT FOR REAL-WORLD NAVIGATION,2026-09-21T13:29:46.824674
-69.0,10.0,-18.9,26.0,169.5,0.5,7.6,976.9,12.0,0.0,DEMO DATA — NOT FOR REAL-WORLD NAVIGATION,2026-09-21T13:29:46.824674
-69.0,11.0,-18.4,34.7,124.9,0.6,7.7,978.7,12.0,0.0,DEMO DATA — NOT FOR REAL-WORLD NAVIGATION,2026-09-21T13:29:46.824674
-69.0,12.0,-19.5,23.2,133.7,0.5,7.6,979.2,12.0,0.0,DEMO DATA — NOT FOR REAL-WORLD NAVIGATION,2026-09-21T13:29:46.824674
-69.0,13.0,-20.0,30.8,144.5,0.5,7.6,983.5,12.0,0.0,DEMO DATA — NOT FOR REAL-WORLD NAVIGATION,2026-09-21T13:29:46.824674
-69.0,14.0,-18.1,33.0,144.3,0.6,7.7,980.7,12.0,0.0,DEMO DATA — NOT FOR REAL-WORLD NAVIGATION,2026-09-21T13:29:46.824674
-69.0,15.0,-17.0,37.5,144.1,0.6,7.7,972.8,4.0,1.5,DEMO DATA — NOT FOR REAL-WORLD NAVIGATION,2026-09-21T13:29:46.824674
-69.0,16.0,-19.4,33.5,124.0,0.6,7.7,987.2,12.0,0.0,DEMO DATA — NOT FOR REAL-WORLD NAVIGATION,2026-09-21T13:29:46.824674
-69.0,17.0,-19.9,24.8,132.2,0.5,7.6,981.8,12.0,0.0,DEMO DATA — NOT FOR REAL-WORLD NAVIGATION,2026-09-21T13:29:46.824674
-69.0,18.0,-19.3,31.9,102.7,0.6,7.7,982.8,12.0,0.0,DEMO DATA — NOT FOR REAL-WORLD NAVIGATION,2026-09-21T13:29:46.824674
-69.0,19.0,-19.4,26.6,129.7,0.5,7.6,977.4,12.0,0.0,DEMO DATA — NOT FOR REAL-WORLD NAVIGATION,2026-09-21T13:29:46.824674
-69.0,20.0,-18.6,30.6,155.2,0.5,7.6,980.8,12.0,0.0,DEMO DATA — NOT FOR REAL-WORLD NAVIGATION,2026-09-21T13:29:46.824674
-69.0,21.0,-17.5,31.5,130.7,0.6,7.7,979.9,12.0,0.0,DEMO DATA — NOT FOR REAL-WORLD NAVIGATION,2026-09-21T13:29:46.824674
-69.0,22.0,-19.4,22.7,149.2,0.5,7.6,978.3,12.0,0.0,DEMO DATA — NOT FOR REAL-WORLD NAVIGATION,2026-09-21T13:29:46.824674
-68.0,0.0,-18.3,25.5,123.7,0.5,7.6,979.7,12.0,0.0,DEMO DATA — NOT FOR REAL-WORLD NAVIGATION,2026-09-21T13:29:46.824674
-68.0,1.0,-16.5,25.4,113.5,0.5,7.6,984.6,12.0,0.0,DEMO DATA — NOT FOR REAL-WORLD NAVIGATION,2026-09-21T13:29:46.824674
-68.0,2.0,-18.0,27.5,132.2,0.5,7.6,982.2,12.0,0.0,DEMO DATA — NOT FOR REAL-WORLD NAVIGATION,2026-09-21T13:29:46.824674
-68.0,3.0,-14.7,32.9,118.3,0.6,7.7,981.0,12.0,0.0,DEMO DATA — NOT FOR REAL-WORLD NAVIGATION,2026-09-21T13:29:46.824674
-68.0,4.0,-16.8,32.5,141.1,0.6,7.7,982.0,12.0,0.0,DEMO DATA — NOT FOR REAL-WORLD NAVIGATION,2026-09-21T13:29:46.824674
-68.0,5.0,-20.5,32.1,153.4,0.6,7.7,978.9,12.0,0.0,DEMO DATA — NOT FOR REAL-WORLD NAVIGATION,2026-09-21T13:29:46.824674
-68.0,6.0,-17.5,31.2,139.8,0.6,7.7,978.8,12.0,0.0,DEMO DATA — NOT FOR REAL-WORLD NAVIGATION,2026-09-21T13:29:46.824674
-68.0,7.0,-17.0,30.3,145.6,0.5,7.6,982.9,12.0,0.0,DEMO DATA — NOT FOR REAL-WORLD NAVIGATION,2026-09-21T13:29:46.824674
-68.0,8.0,-18.5,34.7,146.1,0.6,7.7,984.0,12.0,0.0,DEMO DATA — NOT FOR REAL-WORLD NAVIGATION,2026-09-21T13:29:46.824674
-68.0,9.0,-20.2,24.6,140.4,0.5,7.6,975.2,12.0,0.0,DEMO DATA — NOT FOR REAL-WORLD NAVIGATION,2026-09-21T13:29:46.824674
-68.0,10.0,-17.4,31.0,102.2,0.6,7.7,979.6,12.0,0.0,DEMO DATA — NOT FOR REAL-WORLD NAVIGATION,2026-09-21T13:29:46.824674
-68.0,11.0,-16.8,28.9,151.6,0.5,7.6,986.9,12.0,0.0,DEMO DATA — NOT FOR REAL-WORLD NAVIGATION,2026-09-21T13:29:46.824674
-68.0,12.0,-19.7,20.1,151.1,0.4,7.5,987.3,12.0,0.0,DEMO DATA — NOT FOR REAL-WORLD NAVIGATION,2026-09-21T13:29:46.824674
-68.0,13.0,-18.1,24.7,137.9,0.5,7.6,979.2,12.0,0.0,DEMO DATA — NOT FOR REAL-WORLD NAVIGATION,2026-09-21T13:29:46.824674
-68.0,14.0,-17.5,31.0,113.1,0.6,7.7,981.6,12.0,0.0,DEMO DATA — NOT FOR REAL-WORLD NAVIGATION,2026-09-21T13:29:46.824674
-68.0,15.0,-19.3,27.7,140.8,0.5,7.6,983.9,12.0,0.0,DEMO DATA — NOT FOR REAL-WORLD NAVIGATION,2026-09-21T13:29:46.824674
-68.0,16.0,-19.3,28.6,167.1,0.5,7.6,980.2,12.0,0.0,DEMO DATA — NOT FOR REAL-WORLD NAVIGATION,2026-09-21T13:29:46.824674
-68.0,17.0,-15.7,31.2,131.4,0.6,7.7,981.4,12.0,0.0,DEMO DATA — NOT FOR REAL-WORLD NAVIGATION,2026-09-21T13:29:46.824674
-68.0,18.0,-15.7,23.6,145.4,0.5,7.6,985.1,12.0,0.0,DEMO DATA — NOT FOR REAL-WORLD NAVIGATION,2026-09-21T13:29:46.824674
-68.0,19.0,-17.0,26.8,165.9,0.5,7.6,981.3,12.0,0.0,DEMO DATA — NOT FOR REAL-WORLD NAVIGATION,2026-09-21T13:29:46.824674
-68.0,20.0,-17.7,25.8,143.5,0.5,7.6,983.1,12.0,0.0,DEMO DATA — NOT FOR REAL-WORLD NAVIGATION,2026-09-21T13:29:46.824674
-68.0,21.0,-18.1,30.0,123.5,0.5,7.6,978.2,12.0,0.0,DEMO DATA — NOT FOR REAL-WORLD NAVIGATION,2026-09-21T13:29:46.824674
-68.0,22.0,-19.8,13.7,129.6,0.4,7.5,984.7,12.0,0.0,DEMO DATA — NOT FOR REAL-WORLD NAVIGATION,2026-09-21T13:29:46.824674
-67.0,0.0,-16.1,16.0,183.7,0.7,7.8,983.2,12.0,0.0,DEMO DATA — NOT FOR REAL-WORLD NAVIGATION,2026-09-21T13:29:46.824674
-67.0,1.0,-14.9,25.8,209.1,0.9,8.1,984.7,12.0,0.0,DEMO DATA — NOT FOR REAL-WORLD NAVIGATION,2026-09-21T13:29:46.824674
-67.0,2.0,-14.8,19.7,184.5,0.8,8.0,983.3,12.0,0.0,DEMO DATA — NOT FOR REAL-WORLD NAVIGATION,2026-09-21T13:29:46.824674
-67.0,3.0,-16.9,20.2,199.0,0.8,8.0,981.4,12.0,0.0,DEMO DATA — NOT FOR REAL-WORLD NAVIGATION,2026-09-21T13:29:46.824674
-67.0,4.0,-18.0,17.4,243.1,0.7,7.8,983.6,12.0,0.0,DEMO DATA — NOT FOR REAL-WORLD NAVIGATION,2026-09-21T13:29:46.824674
-67.0,5.0,-15.5,21.6,238.6,0.8,8.0,985.4,12.0,0.0,DEMO DATA — NOT FOR REAL-WORLD NAVIGATION,2026-09-21T13:29:46.824674
-67.0,6.0,-15.9,24.2,181.1,0.9,8.1,989.9,12.0,0.0,DEMO DATA — NOT FOR REAL-WORLD NAVIGATION,2026-09-21T13:29:46.824674
-67.0,7.0,-17.0,21.9,209.6,0.8,8.0,985.0,12.0,0.0,DEMO DATA — NOT FOR REAL-WORLD NAVIGATION,2026-09-21T13:29:46.824674
-67.0,8.0,-13.1,16.5,227.4,0.7,7.8,985.3,12.0,0.0,DEMO DATA — NOT FOR REAL-WORLD NAVIGATION,2026-09-21T13:29:46.824674
-67.0,9.0,-14.6,14.5,207.9,0.7,7.8,980.6,12.0,0.0,DEMO DATA — NOT FOR REAL-WORLD NAVIGATION,2026-09-21T13:29:46.824674
-67.0,10.0,-14.4,19.3,198.7,0.8,8.0,980.5,12.0,0.0,DEMO DATA — NOT FOR REAL-WORLD NAVIGATION,2026-09-21T13:29:46.824674
-67.0,11.0,-15.3,21.3,209.8,0.8,8.0,985.2,12.0,0.0,DEMO DATA — NOT FOR REAL-WORLD NAVIGATION,2026-09-21T13:29:46.824674
-67.0,12.0,-17.7,21.1,198.9,0.8,8.0,986.7,12.0,0.0,DEMO DATA — NOT FOR REAL-WORLD NAVIGATION,2026-09-21T13:29:46.824674
-67.0,13.0,-16.8,13.4,232.6,0.6,7.7,985.5,12.0,0.0,DEMO DATA — NOT FOR REAL-WORLD NAVIGATION,2026-09-21T13:29:46.824674
-67.0,14.0,-15.4,8.0,194.2,0.5,7.6,986.0,12.0,0.0,DEMO DATA — NOT FOR REAL-WORLD NAVIGATION,2026-09-21T13:29:46.824674
-67.0,15.0,-15.2,9.7,217.3,0.6,7.7,982.6,12.0,0.0,DEMO DATA — NOT FOR REAL-WORLD NAVIGATION,2026-09-21T13:29:46.824674
-67.0,16.0,-17.1,17.8,206.4,0.7,7.8,989.7,12.0,0.0,DEMO DATA — NOT FOR REAL-WORLD NAVIGATION,2026-09-21T13:29:46.824674
-67.0,17.0,-14.8,17.6,227.3,0.7,7.8,985.6,12.0,0.0,DEMO DATA — NOT FOR REAL-WORLD NAVIGATION,2026-09-21T13:29:46.824674
-67.0,18.0,-17.6,12.9,163.4,0.6,7.7,986.3,12.0,0.0,DEMO DATA — NOT FOR REAL-WORLD NAVIGATION,2026-09-21T13:29:46.824674
-67.0,19.0,-14.7,18.0,240.5,0.8,8.0,989.3,12.0,0.0,DEMO DATA — NOT FOR REAL-WORLD NAVIGATION,2026-09-21T13:29:46.824674
-67.0,20.0,-17.3,22.5,226.2,0.9,8.1,982.5,12.0,0.0,DEMO DATA — NOT FOR REAL-WORLD NAVIGATION,2026-09-21T13:29:46.824674
-67.0,21.0,-16.0,14.0,210.2,0.7,7.8,988.7,12.0,0.0,DEMO DATA — NOT FOR REAL-WORLD NAVIGATION,2026-09-21T13:29:46.824674
-67.0,22.0,-16.8,16.9,178.2,0.7,7.8,987.6,12.0,0.0,DEMO DATA — NOT FOR REAL-WORLD NAVIGATION,2026-09-21T13:29:46.824674
-66.0,0.0,-17.1,15.4,179.9,1.0,8.2,989.6,12.0,0.0,DEMO DATA — NOT FOR REAL-WORLD NAVIGATION,2026-09-21T13:29:46.824674
-66.0,1.0,-14.1,16.3,214.5,1.1,8.3,990.2,12.0,0.0,DEMO DATA — NOT FOR REAL-WORLD NAVIGATION,2026-09-21T13:29:46.824674
-66.0,2.0,-13.1,14.1,205.2,1.0,8.2,988.4,12.0,0.0,DEMO DATA — NOT FOR REAL-WORLD NAVIGATION,2026-09-21T13:29:46.824674
-66.0,3.0,-16.7,8.8,235.1,0.8,8.0,987.5,12.0,0.0,DEMO DATA — NOT FOR REAL-WORLD NAVIGATION,2026-09-21T13:29:46.824674
-66.0,4.0,-16.4,15.5,190.8,1.0,8.2,992.1,12.0,0.0,DEMO DATA — NOT FOR REAL-WORLD NAVIGATION,2026-09-21T13:29:46.824674
-66.0,5.0,-15.7,20.9,193.3,1.2,8.4,986.5,12.0,0.0,DEMO DATA — NOT FOR REAL-WORLD NAVIGATION,2026-09-21T13:29:46.824674
-66.0,6.0,-15.7,20.0,212.7,1.2,8.4,986.4,12.0,0.0,DEMO DATA — NOT FOR REAL-WORLD NAVIGATION,2026-09-21T13:29:46.824674
-66.0,7.0,-14.2,17.9,221.2,1.1,8.3,986.2,12.0,0.0,DEMO DATA — NOT FOR REAL-WORLD NAVIGATION,2026-09-21T13:29:46.824674
-66.0,8.0,-11.9,14.9,189.7,1.0,8.2,989.1,12.0,0.0,DEMO DATA — NOT FOR REAL-WORLD NAVIGATION,2026-09-21T13:29:46.824674
-66.0,9.0,-14.3,15.2,227.5,1.0,8.2,989.6,12.0,0.0,DEMO DATA — NOT FOR REAL-WORLD NAVIGATION,2026-09-21T13:29:46.824674
-66.0,10.0,-12.5,19.2,187.0,1.2,8.4,986.9,12.0,0.0,DEMO DATA — NOT FOR REAL-WORLD NAVIGATION,2026-09-21T13:29:46.824674
-66.0,11.0,-13.8,21.1,200.9,1.2,8.4,989.7,12.0,0.0,DEMO DATA — NOT FOR REAL-WORLD NAVIGATION,2026-09-21T13:29:46.824674
-66.0,12.0,-16.8,20.5,201.7,1.2,8.4,986.8,12.0,0.0,DEMO DATA — NOT FOR REAL-WORLD NAVIGATION,2026-09-21T13:29:46.824674
-66.0,13.0,-13.8,19.4,142.7,1.2,8.4,993.1,12.0,0.0,DEMO DATA — NOT FOR REAL-WORLD NAVIGATION,2026-09-21T13:29:46.824674
-66.0,14.0,-14.8,19.9,155.1,1.2,8.4,988.9,12.0,0.0,DEMO DATA — NOT FOR REAL-WORLD NAVIGATION,2026-09-21T13:29:46.824674
-66.0,15.0,-13.7,24.1,195.4,1.3,8.6,987.3,12.0,0.0,DEMO DATA — NOT FOR REAL-WORLD NAVIGATION,2026-09-21T13:29:46.824674
-66.0,16.0,-14.1,16.0,207.2,1.1,8.3,990.1,12.0,0.0,DEMO DATA — NOT FOR REAL-WORLD NAVIGATION,2026-09-21T13:29:46.824674
-66.0,17.0,-15.1,17.7,207.9,1.1,8.3,987.6,12.0,0.0,DEMO DATA — NOT FOR REAL-WORLD NAVIGATION,2026-09-21T13:29:46.824674
-66.0,18.0,-15.2,8.8,185.5,0.8,8.0,988.0,12.0,0.0,DEMO DATA — NOT FOR REAL-WORLD NAVIGATION,2026-09-21T13:29:46.824674
-66.0,19.0,-14.3,20.1,208.8,1.2,8.4,990.4,12.0,0.0,DEMO DATA — NOT FOR REAL-WORLD NAVIGATION,2026-09-21T13:29:46.824674
-66.0,20.0,-15.9,18.3,208.4,1.1,8.3,991.0,12.0,0.0,DEMO DATA — NOT FOR REAL-WORLD NAVIGATION,2026-09-21T13:29:46.824674
-66.0,21.0,-15.0,12.4,246.5,0.9,8.1,987.0,12.0,0.0,DEMO DATA — NOT FOR REAL-WORLD NAVIGATION,2026-09-21T13:29:46.824674
-66.0,22.0,-15.7,14.4,215.9,1.0,8.2,984.1,12.0,0.0,DEMO DATA — NOT FOR REAL-WORLD NAVIGATION,2026-09-21T13:29:46.824674
-65.0,0.0,-12.0,17.3,206.1,1.5,8.8,989.3,12.0,0.0,DEMO DATA — NOT FOR REAL-WORLD NAVIGATION,2026-09-21T13:29:46.824674
-65.0,1.0,-14.0,16.0,196.5,1.4,8.7,994.7,12.0,0.0,DEMO DATA — NOT FOR REAL-WORLD NAVIGATION,2026-09-21T13:29:46.824674
-65.0,2.0,-12.5,25.3,193.0,1.8,9.2,990.8,12.0,0.0,DEMO DATA — NOT FOR REAL-WORLD NAVIGATION,2026-09-21T13:29:46.824674
-65.0,3.0,-13.3,13.7,198.6,1.3,8.6,990.3,12.0,0.0,DEMO DATA — NOT FOR REAL-WORLD NAVIGATION,2026-09-21T13:29:46.824674
-65.0,4.0,-11.8,22.7,192.8,1.7,9.0,987.4,12.0,0.0,DEMO DATA — NOT FOR REAL-WORLD NAVIGATION,2026-09-21T13:29:46.824674
-65.0,5.0,-15.0,16.6,200.1,1.4,8.7,985.5,12.0,0.0,DEMO DATA — NOT FOR REAL-WORLD NAVIGATION,2026-09-21T13:29:46.824674
-65.0,6.0,-12.9,19.4,231.6,1.6,8.9,992.5,12.0,0.0,DEMO DATA — NOT FOR REAL-WORLD NAVIGATION,2026-09-21T13:29:46.824674
-65.0,7.0,-13.4,17.2,213.9,1.5,8.8,993.8,12.0,0.0,DEMO DATA — NOT FOR REAL-WORLD NAVIGATION,2026-09-21T13:29:46.824674
-65.0,8.0,-12.1,16.1,214.0,1.4,8.7,991.9,12.0,0.0,DEMO DATA — NOT FOR REAL-WORLD NAVIGATION,2026-09-21T13:29:46.824674
-65.0,9.0,-16.0,9.7,193.4,1.1,8.3,995.9,12.0,0.0,DEMO DATA — NOT FOR REAL-WORLD NAVIGATION,2026-09-21T13:29:46.824674
-65.0,10.0,-12.1,16.3,227.7,1.4,8.7,985.4,12.0,0.0,DEMO DATA — NOT FOR REAL-WORLD NAVIGATION,2026-09-21T13:29:46.824674
-65.0,11.0,-13.4,13.7,187.3,1.3,8.6,987.3,12.0,0.0,DEMO DATA — NOT FOR REAL-WORLD NAVIGATION,2026-09-21T13:29:46.824674
-65.0,12.0,-12.8,18.6,177.4,1.5,8.8,986.9,12.0,0.0,DEMO DATA — NOT FOR REAL-WORLD NAVIGATION,2026-09-21T13:29:46.824674
-65.0,13.0,-14.7,22.0,187.9,1.7,9.0,990.3,12.0,0.0,DEMO DATA — NOT FOR REAL-WORLD NAVIGATION,2026-09-21T13:29:46.824674
-65.0,14.0,-13.3,24.0,230.1,1.8,9.2,986.5,12.0,0.0,DEMO DATA — NOT FOR REAL-WORLD NAVIGATION,2026-09-21T13:29:46.824674
-65.0,15.0,-14.4,12.5,215.8,1.3,8.6,995.2,12.0,0.0,DEMO DATA — NOT FOR REAL-WORLD NAVIGATION,2026-09-21T13:29:46.824674
-65.0,16.0,-13.8,15.0,262.2,1.4,8.7,988.9,12.0,0.0,DEMO DATA — NOT FOR REAL-WORLD NAVIGATION,2026-09-21T13:29:46.824674
-65.0,17.0,-13.8,20.5,210.0,1.6,8.9,983.8,12.0,0.0,DEMO DATA — NOT FOR REAL-WORLD NAVIGATION,2026-09-21T13:29:46.824674
-65.0,18.0,-12.5,20.1,193.7,1.6,8.9,988.5,12.0,0.0,DEMO DATA — NOT FOR REAL-WORLD NAVIGATION,2026-09-21T13:29:46.824674
-65.0,19.0,-13.9,21.2,170.3,1.7,9.0,988.3,12.0,0.0,DEMO DATA — NOT FOR REAL-WORLD NAVIGATION,2026-09-21T13:29:46.824674
-65.0,20.0,-14.4,14.9,220.7,1.4,8.7,985.8,12.0,0.0,DEMO DATA — NOT FOR REAL-WORLD NAVIGATION,2026-09-21T13:29:46.824674
-65.0,21.0,-15.2,21.2,211.5,1.7,9.0,994.1,12.0,0.0,DEMO DATA — NOT FOR REAL-WORLD NAVIGATION,2026-09-21T13:29:46.824674
-65.0,22.0,-13.9,24.5,217.1,1.8,9.2,987.4,12.0,0.0,DEMO DATA — NOT FOR REAL-WORLD NAVIGATION,2026-09-21T13:29:46.824674
-64.0,0.0,-12.1,21.7,188.9,2.1,9.5,993.0,12.0,0.0,DEMO DATA — NOT FOR REAL-WORLD NAVIGATION,2026-09-21T13:29:46.824674
-64.0,1.0,-12.4,17.9,240.6,1.9,9.3,997.2,12.0,0.0,DEMO DATA — NOT FOR REAL-WORLD NAVIGATION,2026-09-21T13:29:46.824674
-64.0,2.0,-12.8,12.2,223.6,1.6,8.9,992.0,12.0,0.0,DEMO DATA — NOT FOR REAL-WORLD NAVIGATION,2026-09-21T13:29:46.824674
-64.0,3.0,-12.4,13.8,238.1,1.6,8.9,990.5,12.0,0.0,DEMO DATA — NOT FOR REAL-WORLD NAVIGATION,2026-09-21T13:29:46.824674
-64.0,4.0,-11.0,16.2,187.2,1.8,9.2,990.9,12.0,0.0,DEMO DATA — NOT FOR REAL-WORLD NAVIGATION,2026-09-21T13:29:46.824674
-64.0,5.0,-12.9,14.0,214.9,1.7,9.0,992.3,12.0,0.0,DEMO DATA — NOT FOR REAL-WORLD NAVIGATION,2026-09-21T13:29:46.824674
-64.0,6.0,-12.6,13.8,188.0,1.6,8.9,994.8,12.0,0.0,DEMO DATA — NOT FOR REAL-WORLD NAVIGATION,2026-09-21T13:29:46.824674
-64.0,7.0,-13.3,14.7,220.7,1.7,9.0,988.6,12.0,0.0,DEMO DATA — NOT FOR REAL-WORLD NAVIGATION,2026-09-21T13:29:46.824674
-64.0,8.0,-9.7,15.9,213.8,1.8,9.2,993.0,25.0,0.0,DEMO DATA — NOT FOR REAL-WORLD NAVIGATION,2026-09-21T13:29:46.824674
-64.0,9.0,-10.4,10.9,222.7,1.5,8.8,992.5,12.0,0.0,DEMO DATA — NOT FOR REAL-WORLD NAVIGATION,2026-09-21T13:29:46.824674
-64.0,10.0,-14.3,21.6,212.9,2.1,9.5,996.0,12.0,0.0,DEMO DATA — NOT FOR REAL-WORLD NAVIGATION,2026-09-21T13:29:46.824674
-64.0,11.0,-13.3,12.2,241.0,1.6,8.9,987.6,12.0,0.0,DEMO DATA — NOT FOR REAL-WORLD NAVIGATION,2026-09-21T13:29:46.824674
-64.0,12.0,-13.1,15.5,176.8,1.7,9.0,992.0,12.0,0.0,DEMO DATA — NOT FOR REAL-WORLD NAVIGATION,2026-09-21T13:29:46.824674
-64.0,13.0,-11.9,22.4,190.3,2.1,9.5,990.1,12.0,0.0,DEMO DATA — NOT FOR REAL-WORLD NAVIGATION,2026-09-21T13:29:46.824674
-64.0,14.0,-11.4,18.7,190.8,1.9,9.3,993.1,12.0,0.0,DEMO DATA — NOT FOR REAL-WORLD NAVIGATION,2026-09-21T13:29:46.824674
-64.0,15.0,-11.2,22.9,200.2,2.2,9.6,990.8,12.0,0.0,DEMO DATA — NOT FOR REAL-WORLD NAVIGATION,2026-09-21T13:29:46.824674
-64.0,16.0,-12.4,12.9,211.0,1.6,8.9,993.3,12.0,0.0,DEMO DATA — NOT FOR REAL-WORLD NAVIGATION,2026-09-21T13:29:46.824674
-64.0,17.0,-14.5,16.8,232.4,1.8,9.2,988.6,12.0,0.0,DEMO DATA — NOT FOR REAL-WORLD NAVIGATION,2026-09-21T13:29:46.824674
-64.0,18.0,-12.5,15.8,221.1,1.8,9.2,985.2,12.0,0.0,DEMO DATA — NOT FOR REAL-WORLD NAVIGATION,2026-09-21T13:29:46.824674
-64.0,19.0,-12.0,22.1,158.5,2.1,9.5,990.1,12.0,0.0,DEMO DATA — NOT FOR REAL-WORLD NAVIGATION,2026-09-21T13:29:46.824674
-64.0,20.0,-12.8,17.7,186.0,1.9,9.3,992.9,12.0,0.0,DEMO DATA — NOT FOR REAL-WORLD NAVIGATION,2026-09-21T13:29:46.824674
-64.0,21.0,-13.5,16.4,223.3,1.8,9.2,988.2,12.0,0.0,DEMO DATA — NOT FOR REAL-WORLD NAVIGATION,2026-09-21T13:29:46.824674
-64.0,22.0,-11.4,17.4,200.6,1.9,9.3,983.5,12.0,0.0,DEMO DATA — NOT FOR REAL-WORLD NAVIGATION,2026-09-21T13:29:46.824674
-63.0,0.0,-11.7,15.5,215.5,2.1,9.5,992.1,12.0,0.0,DEMO DATA — NOT FOR REAL-WORLD NAVIGATION,2026-09-21T13:29:46.824674
-63.0,1.0,-10.8,14.3,216.4,2.0,9.4,996.2,12.0,0.0,DEMO DATA — NOT FOR REAL-WORLD NAVIGATION,2026-09-21T13:29:46.824674
-63.0,2.0,-9.7,19.9,217.7,2.4,9.9,988.8,25.0,0.0,DEMO DATA — NOT FOR REAL-WORLD NAVIGATION,2026-09-21T13:29:46.824674
-63.0,3.0,-13.2,15.7,196.4,2.1,9.5,992.0,12.0,0.0,DEMO DATA — NOT FOR REAL-WORLD NAVIGATION,2026-09-21T13:29:46.824674
-63.0,4.0,-11.4,22.1,233.4,2.5,10.0,990.0,12.0,0.0,DEMO DATA — NOT FOR REAL-WORLD NAVIGATION,2026-09-21T13:29:46.824674
-63.0,5.0,-11.7,10.8,233.5,1.8,9.2,989.0,12.0,0.0,DEMO DATA — NOT FOR REAL-WORLD NAVIGATION,2026-09-21T13:29:46.824674
-63.0,6.0,-10.4,29.4,214.8,3.0,10.6,993.1,12.0,0.0,DEMO DATA — NOT FOR REAL-WORLD NAVIGATION,2026-09-21T13:29:46.824674
-63.0,7.0,-9.3,19.5,195.0,2.4,9.9,994.7,25.0,0.0,DEMO DATA — NOT FOR REAL-WORLD NAVIGATION,2026-09-21T13:29:46.824674
-63.0,8.0,-9.3,13.2,226.4,1.9,9.3,999.1,25.0,0.0,DEMO DATA — NOT FOR REAL-WORLD NAVIGATION,2026-09-21T13:29:46.824674
-63.0,9.0,-10.2,22.1,216.6,2.5,10.0,988.3,12.0,0.0,DEMO DATA — NOT FOR REAL-WORLD NAVIGATION,2026-09-21T13:29:46.824674
-63.0,10.0,-11.0,17.2,197.7,2.2,9.6,994.1,12.0,0.0,DEMO DATA — NOT FOR REAL-WORLD NAVIGATION,2026-09-21T13:29:46.824674
-63.0,11.0,-10.8,15.0,209.3,2.1,9.5,989.0,12.0,0.0,DEMO DATA — NOT FOR REAL-WORLD NAVIGATION,2026-09-21T13:29:46.824674
-63.0,12.0,-11.3,10.3,208.1,1.7,9.0,994.0,12.0,0.0,DEMO DATA — NOT FOR REAL-WORLD NAVIGATION,2026-09-21T13:29:46.824674
-63.0,13.0,-11.8,21.0,199.1,2.5,10.0,992.8,12.0,0.0,DEMO DATA — NOT FOR REAL-WORLD NAVIGATION,2026-09-21T13:29:46.824674
-63.0,14.0,-12.5,21.1,214.7,2.5,10.0,995.2,12.0,0.0,DEMO DATA — NOT FOR REAL-WORLD NAVIGATION,2026-09-21T13:29:46.824674
-63.0,15.0,-11.1,16.7,241.1,2.2,9.6,996.8,12.0,0.0,DEMO DATA — NOT FOR REAL-WORLD NAVIGATION,2026-09-21T13:29:46.824674
-63.0,16.0,-11.0,17.6,224.0,2.2,9.6,992.4,12.0,0.0,DEMO DATA — NOT FOR REAL-WORLD NAVIGATION,2026-09-21T13:29:46.824674
-63.0,17.0,-12.6,9.9,202.4,1.7,9.0,991.7,12.0,0.0,DEMO DATA — NOT FOR REAL-WORLD NAVIGATION,2026-09-21T13:29:46.824674
-63.0,18.0,-11.5,19.7,196.9,2.4,9.9,992.4,12.0,0.0,DEMO DATA — NOT FOR REAL-WORLD NAVIGATION,2026-09-21T13:29:46.824674
-63.0,19.0,-10.5,11.1,225.4,1.8,9.2,987.2,12.0,0.0,DEMO DATA — NOT FOR REAL-WORLD NAVIGATION,2026-09-21T13:29:46.824674
-63.0,20.0,-11.7,14.7,219.8,2.0,9.4,991.7,12.0,0.0,DEMO DATA — NOT FOR REAL-WORLD NAVIGATION,2026-09-21T13:29:46.824674
-63.0,21.0,-10.9,19.4,184.7,2.4,9.9,990.2,12.0,0.0,DEMO DATA — NOT FOR REAL-WORLD NAVIGATION,2026-09-21T13:29:46.824674
-63.0,22.0,-10.3,16.0,176.7,2.1,9.5,988.9,12.0,0.0,DEMO DATA — NOT FOR REAL-WORLD NAVIGATION,2026-09-21T13:29:46.824674
-62.0,0.0,-8.9,25.1,252.7,3.2,10.8,987.8,25.0,0.0,DEMO DATA — NOT FOR REAL-WORLD NAVIGATION,2026-09-21T13:29:46.824674
-62.0,1.0,-10.9,27.8,262.9,3.4,11.1,997.5,12.0,0.0,DEMO DATA — NOT FOR REAL-WORLD NAVIGATION,2026-09-21T13:29:46.824674
-62.0,2.0,-8.4,25.3,280.3,3.2,10.8,988.4,25.0,0.0,DEMO DATA — NOT FOR REAL-WORLD NAVIGATION,2026-09-21T13:29:46.824674
-62.0,3.0,-8.3,33.1,248.9,3.8,11.6,994.8,25.0,0.0,DEMO DATA — NOT FOR REAL-WORLD NAVIGATION,2026-09-21T13:29:46.824674
-62.0,4.0,-9.6,35.3,265.8,4.0,11.8,997.6,4.0,1.5,DEMO DATA — NOT FOR REAL-WORLD NAVIGATION,2026-09-21T13:29:46.824674
-62.0,5.0,-11.7,29.1,228.0,3.5,11.2,992.5,12.0,0.0,DEMO DATA — NOT FOR REAL-WORLD NAVIGATION,2026-09-21T13:29:46.824674
-62.0,6.0,-9.8,26.3,261.3,3.3,11.0,990.1,25.0,0.0,DEMO DATA — NOT FOR REAL-WORLD NAVIGATION,2026-09-21T13:29:46.824674
-62.0,7.0,-9.5,32.6,269.4,3.8,11.6,985.7,25.0,0.0,DEMO DATA — NOT FOR REAL-WORLD NAVIGATION,2026-09-21T13:29:46.824674
-62.0,8.0,-11.8,35.2,271.4,4.0,11.8,991.6,4.0,1.5,DEMO DATA — NOT FOR REAL-WORLD NAVIGATION,2026-09-21T13:29:46.824674
-62.0,9.0,-9.7,31.1,256.2,3.7,11.4,990.3,25.0,0.0,DEMO DATA — NOT FOR REAL-WORLD NAVIGATION,2026-09-21T13:29:46.824674
-62.0,10.0,-9.8,33.2,268.2,3.9,11.7,989.2,25.0,0.0,DEMO DATA — NOT FOR REAL-WORLD NAVIGATION,2026-09-21T13:29:46.824674
-62.0,11.0,-10.2,30.5,244.9,3.6,11.3,986.2,12.0,0.0,DEMO DATA — NOT FOR REAL-WORLD NAVIGATION,2026-09-21T13:29:46.824674
-62.0,12.0,-11.0,24.2,248.9,3.1,10.7,992.1,12.0,0.0,DEMO DATA — NOT FOR REAL-WORLD NAVIGATION,2026-09-21T13:29:46.824674
-62.0,13.0,-10.7,33.7,264.7,3.9,11.7,991.3,12.0,0.0,DEMO DATA — NOT FOR REAL-WORLD NAVIGATION,2026-09-21T13:29:46.824674
-62.0,14.0,-10.1,29.8,268.8,3.6,11.3,990.3,12.0,0.0,DEMO DATA — NOT FOR REAL-WORLD NAVIGATION,2026-09-21T13:29:46.824674
-62.0,15.0,-10.0,27.3,285.3,3.4,11.1,990.0,25.0,0.0,DEMO DATA — NOT FOR REAL-WORLD NAVIGATION,2026-09-21T13:29:46.824674
-62.0,16.0,-10.6,20.5,269.9,2.8,10.4,991.5,12.0,0.0,DEMO DATA — NOT FOR REAL-WORLD NAVIGATION,2026-09-21T13:29:46.824674
-62.0,17.0,-9.7,19.6,257.2,2.8,10.4,991.6,25.0,0.0,DEMO DATA — NOT FOR REAL-WORLD NAVIGATION,2026-09-21T13:29:46.824674
-62.0,18.0,-9.8,19.2,240.2,2.7,10.2,988.1,25.0,0.0,DEMO DATA — NOT FOR REAL-WORLD NAVIGATION,2026-09-21T13:29:46.824674
-62.0,19.0,-12.2,21.5,251.7,2.9,10.5,989.5,12.0,0.0,DEMO DATA — NOT FOR REAL-WORLD NAVIGATION,2026-09-21T13:29:46.824674
-62.0,20.0,-8.1,17.7,244.6,2.6,10.1,995.8,25.0,0.0,DEMO DATA — NOT FOR REAL-WORLD NAVIGATION,2026-09-21T13:29:46.824674
-62.0,21.0,-11.6,22.7,268.6,3.0,10.6,983.1,12.0,0.0,DEMO DATA — NOT FOR REAL-WORLD NAVIGATION,2026-09-21T13:29:46.824674
-62.0,22.0,-8.7,13.5,248.9,2.3,9.8,992.6,25.0,0.0,DEMO DATA — NOT FOR REAL-WORLD NAVIGATION,2026-09-21T13:29:46.824674
-61.0,0.0,-8.8,21.9,258.7,3.0,10.6,987.4,25.0,0.0,DEMO DATA — NOT FOR REAL-WORLD NAVIGATION,2026-09-21T13:29:46.824674
-61.0,1.0,-7.3,27.7,254.4,3.4,11.1,989.0,25.0,0.0,DEMO DATA — NOT FOR REAL-WORLD NAVIGATION,2026-09-21T13:29:46.824674
-61.0,2.0,-7.5,29.2,245.9,3.5,11.2,992.2,25.0,0.0,DEMO DATA — NOT FOR REAL-WORLD NAVIGATION,2026-09-21T13:29:46.824674
-61.0,3.0,-8.8,39.0,258.7,4.3,12.2,990.8,4.0,1.5,DEMO DATA — NOT FOR REAL-WORLD NAVIGATION,2026-09-21T13:29:46.824674
-61.0,4.0,-8.5,33.4,254.8,3.9,11.7,983.8,25.0,0.0,DEMO DATA — NOT FOR REAL-WORLD NAVIGATION,2026-09-21T13:29:46.824674
-61.0,5.0,-9.3,29.5,293.2,3.6,11.3,985.5,25.0,0.0,DEMO DATA — NOT FOR REAL-WORLD NAVIGATION,2026-09-21T13:29:46.824674
-61.0,6.0,-9.5,27.4,281.2,3.4,11.1,985.6,25.0,0.0,DEMO DATA — NOT FOR REAL-WORLD NAVIGATION,2026-09-21T13:29:46.824674
-61.0,7.0,-9.6,34.0,275.8,3.9,11.7,991.7,25.0,0.0,DEMO DATA — NOT FOR REAL-WORLD NAVIGATION,2026-09-21T13:29:46.824674
-61.0,8.0,-8.8,30.2,264.4,3.6,11.3,992.4,25.0,0.0,DEMO DATA — NOT FOR REAL-WORLD NAVIGATION,2026-09-21T13:29:46.824674
-61.0,9.0,-6.8,32.7,265.9,3.8,11.6,987.3,25.0,0.0,DEMO DATA — NOT FOR REAL-WORLD NAVIGATION,2026-09-21T13:29:46.824674
-61.0,10.0,-9.3,33.9,259.0,3.9,11.7,989.1,25.0,0.0,DEMO DATA — NOT FOR REAL-WORLD NAVIGATION,2026-09-21T13:29:46.824674
-61.0,11.0,-9.1,32.6,277.3,3.8,11.6,988.5,25.0,0.0,DEMO DATA — NOT FOR REAL-WORLD NAVIGATION,2026-09-21T13:29:46.824674
-61.0,12.0,-8.1,34.8,236.5,4.0,11.8,990.4,25.0,0.0,DEMO DATA — NOT FOR REAL-WORLD NAVIGATION,2026-09-21T13:29:46.824674
-61.0,13.0,-9.6,27.2,269.2,3.4,11.1,989.4,25.0,0.0,DEMO DATA — NOT FOR REAL-WORLD NAVIGATION,2026-09-21T13:29:46.824674
-61.0,14.0,-6.7,24.5,291.3,3.2,10.8,992.6,25.0,0.0,DEMO DATA — NOT FOR REAL-WORLD NAVIGATION,2026-09-21T13:29:46.824674
-61.0,15.0,-7.0,28.9,236.8,3.5,11.2,992.2,25.0,0.0,DEMO DATA — NOT FOR REAL-WORLD NAVIGATION,2026-09-21T13:29:46.824674
-61.0,16.0,-5.4,25.9,256.5,3.3,11.0,990.2,25.0,0.0,DEMO DATA — NOT FOR REAL-WORLD NAVIGATION,2026-09-21T13:29:46.824674
-61.0,17.0,-8.9,20.6,299.3,2.8,10.4,983.7,25.0,0.0,DEMO DATA — NOT FOR REAL-WORLD NAVIGATION,2026-09-21T13:29:46.824674
-61.0,18.0,-8.1,25.7,228.6,3.3,11.0,991.0,25.0,0.0,DEMO DATA — NOT FOR REAL-WORLD NAVIGATION,2026-09-21T13:29:46.824674
-61.0,19.0,-6.9,25.6,259.6,3.2,10.8,993.7,25.0,0.0,DEMO DATA — NOT FOR REAL-WORLD NAVIGATION,2026-09-21T13:29:46.824674
-61.0,20.0,-9.3,20.7,240.9,2.9,10.5,989.5,25.0,0.0,DEMO DATA — NOT FOR REAL-WORLD NAVIGATION,2026-09-21T13:29:46.824674
-61.0,21.0,-6.2,16.1,264.2,2.5,10.0,990.8,25.0,0.0,DEMO DATA — NOT FOR REAL-WORLD NAVIGATION,2026-09-21T13:29:46.824674
-61.0,22.0,-9.3,16.7,236.0,2.5,10.0,990.0,25.0,0.0,DEMO DATA — NOT FOR REAL-WORLD NAVIGATION,2026-09-21T13:29:46.824674
-60.0,0.0,-7.8,25.5,251.1,3.2,10.8,987.5,25.0,0.0,DEMO DATA — NOT FOR REAL-WORLD NAVIGATION,2026-09-21T13:29:46.824674
-60.0,1.0,-7.1,25.0,267.2,3.2,10.8,990.7,25.0,0.0,DEMO DATA — NOT FOR REAL-WORLD NAVIGATION,2026-09-21T13:29:46.824674
-60.0,2.0,-8.6,24.8,263.5,3.2,10.8,984.9,25.0,0.0,DEMO DATA — NOT FOR REAL-WORLD NAVIGATION,2026-09-21T13:29:46.824674
-60.0,3.0,-7.5,36.3,263.3,4.1,11.9,986.5,4.0,1.5,DEMO DATA — NOT FOR REAL-WORLD NAVIGATION,2026-09-21T13:29:46.824674
-60.0,4.0,-5.7,28.7,280.0,3.5,11.2,993.6,25.0,0.0,DEMO DATA — NOT FOR REAL-WORLD NAVIGATION,2026-09-21T13:29:46.824674
-60.0,5.0,-7.8,34.3,281.4,3.9,11.7,992.9,25.0,0.0,DEMO DATA — NOT FOR REAL-WORLD NAVIGATION,2026-09-21T13:29:46.824674
-60.0,6.0,-10.0,29.4,263.8,3.6,11.3,994.0,25.0,0.0,DEMO DATA — NOT FOR REAL-WORLD NAVIGATION,2026-09-21T13:29:46.824674
-60.0,7.0,-6.0,32.2,270.7,3.8,11.6,987.4,25.0,0.0,DEMO DATA — NOT FOR REAL-WORLD NAVIGATION,2026-09-21T13:29:46.824674
-60.0,8.0,-8.9,32.5,274.9,3.8,11.6,983.6,25.0,0.0,DEMO DATA — NOT FOR REAL-WORLD NAVIGATION,2026-09-21T13:29:46.824674
-60.0,9.0,-6.8,32.8,269.3,3.8,11.6,988.5,25.0,0.0,DEMO DATA — NOT FOR REAL-WORLD NAVIGATION,2026-09-21T13:29:46.824674
-60.0,10.0,-8.2,35.3,267.5,4.0,11.8,986.5,4.0,1.5,DEMO DATA — NOT FOR REAL-WORLD NAVIGATION,2026-09-21T13:29:46.824674
-60.0,11.0,-7.4,32.3,269.5,3.8,11.6,992.4,25.0,0.0,DEMO DATA — NOT FOR REAL-WORLD NAVIGATION,2026-09-21T13:29:46.824674
-60.0,12.0,-8.1,27.1,219.2,3.4,11.1,988.4,25.0,0.0,DEMO DATA — NOT FOR REAL-WORLD NAVIGATION,2026-09-21T13:29:46.824674
-60.0,13.0,-6.7,27.3,248.7,3.4,11.1,985.8,25.0,0.0,DEMO DATA — NOT FOR REAL-WORLD NAVIGATION,2026-09-21T13:29:46.824674
-60.0,14.0,-6.0,28.2,285.8,3.5,11.2,984.2,25.0,0.0,DEMO DATA — NOT FOR REAL-WORLD NAVIGATION,2026-09-21T13:29:46.824674
-60.0,15.0,-6.5,21.9,280.4,3.0,10.6,988.9,25.0,0.0,DEMO DATA — NOT FOR REAL-WORLD NAVIGATION,2026-09-21T13:29:46.824674
-60.0,16.0,-10.0,24.7,274.1,3.2,10.8,985.4,25.0,0.0,DEMO DATA — NOT FOR REAL-WORLD NAVIGATION,2026-09-21T13:29:46.824674
-60.0,17.0,-8.7,21.8,230.8,2.9,10.5,988.6,25.0,0.0,DEMO DATA — NOT FOR REAL-WORLD NAVIGATION,2026-09-21T13:29:46.824674
-60.0,18.0,-6.4,17.4,249.2,2.6,10.1,987.5,25.0,0.0,DEMO DATA — NOT FOR REAL-WORLD NAVIGATION,2026-09-21T13:29:46.824674
-60.0,19.0,-7.1,25.9,262.4,3.3,11.0,985.7,25.0,0.0,DEMO DATA — NOT FOR REAL-WORLD NAVIGATION,2026-09-21T13:29:46.824674
-60.0,20.0,-6.6,17.6,262.8,2.6,10.1,990.0,25.0,0.0,DEMO DATA — NOT FOR REAL-WORLD NAVIGATION,2026-09-21T13:29:46.824674
-60.0,21.0,-7.5,17.8,274.3,2.6,10.1,986.6,25.0,0.0,DEMO DATA — NOT FOR REAL-WORLD NAVIGATION,2026-09-21T13:29:46.824674
-60.0,22.0,-7.2,18.0,281.6,2.6,10.1,990.5,25.0,0.0,DEMO DATA — NOT FOR REAL-WORLD NAVIGATION,2026-09-21T13:29:46.824674
-59.0,0.0,-5.9,28.3,255.7,3.5,11.2,986.6,25.0,0.0,DEMO DATA — NOT FOR REAL-WORLD NAVIGATION,2026-09-21T13:29:46.824674
-59.0,1.0,-5.1,24.7,284.5,3.2,10.8,987.2,25.0,0.0,DEMO DATA — NOT FOR REAL-WORLD NAVIGATION,2026-09-21T13:29:46.824674
-59.0,2.0,-3.2,33.1,266.4,3.8,11.6,990.1,25.0,0.0,DEMO DATA — NOT FOR REAL-WORLD NAVIGATION,2026-09-21T13:29:46.824674
-59.0,3.0,-6.1,33.3,260.7,3.9,11.7,989.8,25.0,0.0,DEMO DATA — NOT FOR REAL-WORLD NAVIGATION,2026-09-21T13:29:46.824674
-59.0,4.0,-3.6,34.1,278.9,3.9,11.7,987.8,25.0,0.0,DEMO DATA — NOT FOR REAL-WORLD NAVIGATION,2026-09-21T13:29:46.824674
-59.0,5.0,-5.9,33.4,264.2,3.9,11.7,984.5,25.0,0.0,DEMO DATA — NOT FOR REAL-WORLD NAVIGATION,2026-09-21T13:29:46.824674
-59.0,6.0,-7.2,39.2,257.4,4.3,12.2,990.6,4.0,1.5,DEMO DATA — NOT FOR REAL-WORLD NAVIGATION,2026-09-21T13:29:46.824674
-59.0,7.0,-7.7,32.3,266.4,3.8,11.6,987.0,25.0,0.0,DEMO DATA — NOT FOR REAL-WORLD NAVIGATION,2026-09-21T13:29:46.824674
-59.0,8.0,-3.4,32.6,284.3,3.8,11.6,982.5,25.0,0.0,DEMO DATA — NOT FOR REAL-WORLD NAVIGATION,2026-09-21T13:29:46.824674
-59.0,9.0,-7.3,39.2,281.1,4.3,12.2,984.2,4.0,1.5,DEMO DATA — NOT FOR REAL-WORLD NAVIGATION,2026-09-21T13:29:46.824674
-59.0,10.0,-5.2,40.0,272.4,4.4,12.3,984.1,4.0,1.5,DEMO DATA — NOT FOR REAL-WORLD NAVIGATION,2026-09-21T13:29:46.824674
-59.0,11.0,-7.0,31.5,250.3,3.7,11.4,990.5,25.0,0.0,DEMO DATA — NOT FOR REAL-WORLD NAVIGATION,2026-09-21T13:29:46.824674
-59.0,12.0,-6.5,29.3,231.3,3.5,11.2,984.3,25.0,0.0,DEMO DATA — NOT FOR REAL-WORLD NAVIGATION,2026-09-21T13:29:46.824674
-59.0,13.0,-5.5,29.2,250.2,3.5,11.2,991.2,25.0,0.0,DEMO DATA — NOT FOR REAL-WORLD NAVIGATION,2026-09-21T13:29:46.824674
-59.0,14.0,-5.7,28.9,286.2,3.5,11.2,989.0,25.0,0.0,DEMO DATA — NOT FOR REAL-WORLD NAVIGATION,2026-09-21T13:29:46.824674
-59.0,15.0,-5.5,27.9,266.8,3.4,11.1,987.7,25.0,0.0,DEMO DATA — NOT FOR REAL-WORLD NAVIGATION,2026-09-21T13:29:46.824674
-59.0,16.0,-6.8,22.9,258.4,3.0,10.6,985.0,25.0,0.0,DEMO DATA — NOT FOR REAL-WORLD NAVIGATION,2026-09-21T13:29:46.824674
-59.0,17.0,-3.5,24.7,286.7,3.2,10.8,989.2,25.0,0.0,DEMO DATA — NOT FOR REAL-WORLD NAVIGATION,2026-09-21T13:29:46.824674
-59.0,18.0,-6.2,24.0,261.6,3.1,10.7,986.9,25.0,0.0,DEMO DATA — NOT FOR REAL-WORLD NAVIGATION,2026-09-21T13:29:46.824674
-59.0,19.0,-6.2,19.2,276.1,2.7,10.2,985.9,25.0,0.0,DEMO DATA — NOT FOR REAL-WORLD NAVIGATION,2026-09-21T13:29:46.824674
-59.0,20.0,-7.9,19.2,276.5,2.7,10.2,985.7,25.0,0.0,DEMO DATA — NOT FOR REAL-WORLD NAVIGATION,2026-09-21T13:29:46.824674
-59.0,21.0,-7.2,19.2,236.1,2.7,10.2,988.3,25.0,0.0,DEMO DATA — NOT FOR REAL-WORLD NAVIGATION,2026-09-21T13:29:46.824674
-59.0,22.0,-7.0,18.5,273.5,2.7,10.2,988.0,25.0,0.0,DEMO DATA — NOT FOR REAL-WORLD NAVIGATION,2026-09-21T13:29:46.824674
-58.0,0.0,-3.3,28.0,260.4,3.4,11.1,981.6,25.0,0.0,DEMO DATA — NOT FOR REAL-WORLD NAVIGATION,2026-09-21T13:29:46.824674
-58.0,1.0,-4.0,28.4,249.9,3.5,11.2,981.6,25.0,0.0,DEMO DATA — NOT FOR REAL-WORLD NAVIGATION,2026-09-21T13:29:46.824674
-58.0,2.0,-5.5,30.5,244.4,3.6,11.3,979.7,25.0,0.0,DEMO DATA — NOT FOR REAL-WORLD NAVIGATION,2026-09-21T13:29:46.824674
-58.0,3.0,-4.3,34.7,250.1,4.0,11.8,985.9,25.0,0.0,DEMO DATA — NOT FOR REAL-WORLD NAVIGATION,2026-09-21T13:29:46.824674
-58.0,4.0,-4.3,34.0,241.9,3.9,11.7,983.3,25.0,0.0,DEMO DATA — NOT FOR REAL-WORLD NAVIGATION,2026-09-21T13:29:46.824674
-58.0,5.0,-2.9,31.1,273.5,3.7,11.4,979.6,25.0,0.0,DEMO DATA — NOT FOR REAL-WORLD NAVIGATION,2026-09-21T13:29:46.824674
-58.0,6.0,-5.7,31.6,285.2,3.7,11.4,978.8,25.0,0.0,DEMO DATA — NOT FOR REAL-WORLD NAVIGATION,2026-09-21T13:29:46.824674
-58.0,7.0,-4.3,30.4,267.1,3.6,11.3,985.4,25.0,0.0,DEMO DATA — NOT FOR REAL-WORLD NAVIGATION,2026-09-21T13:29:46.824674
-58.0,8.0,-5.1,37.2,255.9,4.2,12.0,981.8,4.0,1.5,DEMO DATA — NOT FOR REAL-WORLD NAVIGATION,2026-09-21T13:29:46.824674
-58.0,9.0,-2.8,33.0,263.9,3.8,11.6,982.8,25.0,0.0,DEMO DATA — NOT FOR REAL-WORLD NAVIGATION,2026-09-21T13:29:46.824674
-58.0,10.0,-6.5,28.6,267.0,3.5,11.2,982.2,25.0,0.0,DEMO DATA — NOT FOR REAL-WORLD NAVIGATION,2026-09-21T13:29:46.824674
-58.0,11.0,-3.6,35.7,253.1,4.1,11.9,981.5,4.0,1.5,DEMO DATA — NOT FOR REAL-WORLD NAVIGATION,2026-09-21T13:29:46.824674
-58.0,12.0,-3.6,30.5,281.3,3.6,11.3,978.8,25.0,0.0,DEMO DATA — NOT FOR REAL-WORLD NAVIGATION,2026-09-21T13:29:46.824674
-58.0,13.0,-4.6,30.4,262.1,3.6,11.3,978.6,25.0,0.0,DEMO DATA — NOT FOR REAL-WORLD NAVIGATION,2026-09-21T13:29:46.824674
-58.0,14.0,-3.7,23.4,276.7,3.1,10.7,981.9,25.0,0.0,DEMO DATA — NOT FOR REAL-WORLD NAVIGATION,2026-09-21T13:29:46.824674
-58.0,15.0,-5.9,22.9,280.7,3.0,10.6,977.7,25.0,0.0,DEMO DATA — NOT FOR REAL-WORLD NAVIGATION,2026-09-21T13:29:46.824674
-58.0,16.0,-4.6,24.5,267.6,3.2,10.8,982.9,25.0,0.0,DEMO DATA — NOT FOR REAL-WORLD NAVIGATION,2026-09-21T13:29:46.824674
-58.0,17.0,-4.6,25.7,268.2,3.3,11.0,981.4,25.0,0.0,DEMO DATA — NOT FOR REAL-WORLD NAVIGATION,2026-09-21T13:29:46.824674
-58.0,18.0,-3.8,25.4,233.1,3.2,10.8,987.3,25.0,0.0,DEMO DATA — NOT FOR REAL-WORLD NAVIGATION,2026-09-21T13:29:46.824674
-58.0,19.0,-3.8,27.0,266.5,3.4,11.1,979.6,25.0,0.0,DEMO DATA — NOT FOR REAL-WORLD NAVIGATION,2026-09-21T13:29:46.824674
-58.0,20.0,-5.1,20.7,244.4,2.9,10.5,978.3,25.0,0.0,DEMO DATA — NOT FOR REAL-WORLD NAVIGATION,2026-09-21T13:29:46.824674
-58.0,21.0,-3.2,16.4,267.0,2.5,10.0,989.1,25.0,0.0,DEMO DATA — NOT FOR REAL-WORLD NAVIGATION,2026-09-21T13:29:46.824674
-58.0,22.0,-3.7,12.8,250.6,2.2,9.6,978.5,25.0,0.0,DEMO DATA — NOT FOR REAL-WORLD NAVIGATION,2026-09-21T13:29:46.824674
-57.0,0.0,-3.4,23.3,269.0,3.1,10.7,982.4,25.0,0.0,DEMO DATA — NOT FOR REAL-WORLD NAVIGATION,2026-09-21T13:29:46.824674
-57.0,1.0,-5.2,23.9,245.0,3.1,10.7,980.7,25.0,0.0,DEMO DATA — NOT FOR REAL-WORLD NAVIGATION,2026-09-21T13:29:46.824674
-57.0,2.0,-4.0,33.6,264.5,3.9,11.7,975.0,25.0,0.0,DEMO DATA — NOT FOR REAL-WORLD NAVIGATION,2026-09-21T13:29:46.824674
-57.0,3.0,-1.3,33.1,235.8,3.8,11.6,979.7,25.0,0.0,DEMO DATA — NOT FOR REAL-WORLD NAVIGATION,2026-09-21T13:29:46.824674
-57.0,4.0,-5.1,37.3,252.3,4.2,12.0,981.1,4.0,1.5,DEMO DATA — NOT FOR REAL-WORLD NAVIGATION,2026-09-21T13:29:46.824674
-57.0,5.0,-2.9,35.8,265.5,4.1,11.9,982.5,4.0,1.5,DEMO DATA — NOT FOR REAL-WORLD NAVIGATION,2026-09-21T13:29:46.824674
-57.0,6.0,-3.2,33.6,261.1,3.9,11.7,982.9,25.0,0.0,DEMO DATA — NOT FOR REAL-WORLD NAVIGATION,2026-09-21T13:29:46.824674
-57.0,7.0,-2.6,34.3,238.2,3.9,11.7,982.6,25.0,0.0,DEMO DATA — NOT FOR REAL-WORLD NAVIGATION,2026-09-21T13:29:46.824674
-57.0,8.0,-3.2,34.9,246.0,4.0,11.8,978.3,25.0,0.0,DEMO DATA — NOT FOR REAL-WORLD NAVIGATION,2026-09-21T13:29:46.824674
-57.0,9.0,-4.0,35.5,253.3,4.0,11.8,977.9,4.0,1.5,DEMO DATA — NOT FOR REAL-WORLD NAVIGATION,2026-09-21T13:29:46.824674
-57.0,10.0,-4.9,40.0,229.2,4.4,12.3,977.3,4.0,1.5,DEMO DATA — NOT FOR REAL-WORLD NAVIGATION,2026-09-21T13:29:46.824674
-57.0,11.0,-3.2,30.2,251.8,3.6,11.3,980.7,25.0,0.0,DEMO DATA — NOT FOR REAL-WORLD NAVIGATION,2026-09-21T13:29:46.824674
-57.0,12.0,-4.3,31.8,274.0,3.7,11.4,978.0,25.0,0.0,DEMO DATA — NOT FOR REAL-WORLD NAVIGATION,2026-09-21T13:29:46.824674
-57.0,13.0,-3.5,33.7,284.0,3.9,11.7,986.2,25.0,0.0,DEMO DATA — NOT FOR REAL-WORLD NAVIGATION,2026-09-21T13:29:46.824674
-57.0,14.0,-2.2,32.9,271.7,3.8,11.6,982.9,25.0,0.0,DEMO DATA — NOT FOR REAL-WORLD NAVIGATION,2026-09-21T13:29:46.824674
-57.0,15.0,-4.4,28.4,269.2,3.5,11.2,984.1,25.0,0.0,DEMO DATA — NOT FOR REAL-WORLD NAVIGATION,2026-09-21T13:29:46.824674
-57.0,16.0,-1.9,19.0,288.4,2.7,10.2,974.2,25.0,0.0,DEMO DATA — NOT FOR REAL-WORLD NAVIGATION,2026-09-21T13:29:46.824674
-57.0,17.0,-3.4,22.4,258.3,3.0,10.6,980.0,25.0,0.0,DEMO DATA — NOT FOR REAL-WORLD NAVIGATION,2026-09-21T13:29:46.824674
-57.0,18.0,-2.0,26.9,266.8,3.4,11.1,979.9,25.0,0.0,DEMO DATA — NOT FOR REAL-WORLD NAVIGATION,2026-09-21T13:29:46.824674
-57.0,19.0,-4.8,22.0,254.9,3.0,10.6,981.5,25.0,0.0,DEMO DATA — NOT FOR REAL-WORLD NAVIGATION,2026-09-21T13:29:46.824674
-57.0,20.0,-5.3,18.8,293.7,2.7,10.2,980.9,25.0,0.0,DEMO DATA — NOT FOR REAL-WORLD NAVIGATION,2026-09-21T13:29:46.824674
-57.0,21.0,-3.2,19.5,261.3,2.8,10.4,981.7,25.0,0.0,DEMO DATA — NOT FOR REAL-WORLD NAVIGATION,2026-09-21T13:29:46.824674
-57.0,22.0,-3.6,15.8,252.6,2.5,10.0,981.4,25.0,0.0,DEMO DATA — NOT FOR REAL-WORLD NAVIGATION,2026-09-21T13:29:46.824674
-56.0,0.0,-1.2,26.2,263.0,3.3,11.0,983.1,25.0,0.0,DEMO DATA — NOT FOR REAL-WORLD NAVIGATION,2026-09-21T13:29:46.824674
-56.0,1.0,-3.3,27.1,243.2,3.4,11.1,976.0,25.0,0.0,DEMO DATA — NOT FOR REAL-WORLD NAVIGATION,2026-09-21T13:29:46.824674
-56.0,2.0,-1.3,31.2,230.1,3.7,11.4,977.7,25.0,0.0,DEMO DATA — NOT FOR REAL-WORLD NAVIGATION,2026-09-21T13:29:46.824674
-56.0,3.0,-2.0,31.5,245.7,3.7,11.4,975.6,25.0,0.0,DEMO DATA — NOT FOR REAL-WORLD NAVIGATION,2026-09-21T13:29:46.824674
-56.0,4.0,-1.0,31.8,280.4,3.7,11.4,976.3,25.0,0.0,DEMO DATA — NOT FOR REAL-WORLD NAVIGATION,2026-09-21T13:29:46.824674
-56.0,5.0,-2.7,31.5,259.4,3.7,11.4,976.7,25.0,0.0,DEMO DATA — NOT FOR REAL-WORLD NAVIGATION,2026-09-21T13:29:46.824674
-56.0,6.0,-1.7,31.4,258.7,3.7,11.4,976.4,25.0,0.0,DEMO DATA — NOT FOR REAL-WORLD NAVIGATION,2026-09-21T13:29:46.824674
-56.0,7.0,-2.8,29.1,239.9,3.5,11.2,973.9,25.0,0.0,DEMO DATA — NOT FOR REAL-WORLD NAVIGATION,2026-09-21T13:29:46.824674
-56.0,8.0,-1.1,35.8,274.3,4.1,11.9,981.5,4.0,1.5,DEMO DATA — NOT FOR REAL-WORLD NAVIGATION,2026-09-21T13:29:46.824674
-56.0,9.0,-2.5,36.6,254.8,4.1,11.9,970.7,4.0,1.5,DEMO DATA — NOT FOR REAL-WORLD NAVIGATION,2026-09-21T13:29:46.824674
-56.0,10.0,-3.7,33.4,276.0,3.9,11.7,982.2,25.0,0.0,DEMO DATA — NOT FOR REAL-WORLD NAVIGATION,2026-09-21T13:29:46.824674
-56.0,11.0,-2.7,32.5,254.6,3.8,11.6,978.1,25.0,0.0,DEMO DATA — NOT FOR REAL-WORLD NAVIGATION,2026-09-21T13:29:46.824674
-56.0,12.0,-1.0,32.2,257.4,3.8,11.6,972.6,25.0,0.0,DEMO DATA — NOT FOR REAL-WORLD NAVIGATION,2026-09-21T13:29:46.824674
-56.0,13.0,-2.4,32.1,254.1,3.8,11.6,975.0,25.0,0.0,DEMO DATA — NOT FOR REAL-WORLD NAVIGATION,2026-09-21T13:29:46.824674
-56.0,14.0,-1.3,28.1,257.2,3.4,11.1,975.1,25.0,0.0,DEMO DATA — NOT FOR REAL-WORLD NAVIGATION,2026-09-21T13:29:46.824674
-56.0,15.0,-2.3,28.9,261.4,3.5,11.2,976.3,25.0,0.0,DEMO DATA — NOT FOR REAL-WORLD NAVIGATION,2026-09-21T13:29:46.824674
-56.0,16.0,-3.0,24.3,262.2,3.1,10.7,977.0,25.0,0.0,DEMO DATA — NOT FOR REAL-WORLD NAVIGATION,2026-09-21T13:29:46.824674
-56.0,17.0,-1.4,25.5,272.8,3.2,10.8,974.2,25.0,0.0,DEMO DATA — NOT FOR REAL-WORLD NAVIGATION,2026-09-21T13:29:46.824674
-56.0,18.0,-0.3,18.6,276.6,2.7,10.2,978.2,25.0,0.0,DEMO DATA — NOT FOR REAL-WORLD NAVIGATION,2026-09-21T13:29:46.824674
-56.0,19.0,-4.8,19.4,261.8,2.8,10.4,973.5,25.0,0.0,DEMO DATA — NOT FOR REAL-WORLD NAVIGATION,2026-09-21T13:29:46.824674
-56.0,20.0,-3.8,26.4,240.3,3.3,11.0,975.0,25.0,0.0,DEMO DATA — NOT FOR REAL-WORLD NAVIGATION,2026-09-21T13:29:46.824674
-56.0,21.0,-0.0,23.5,298.4,3.1,10.7,978.7,25.0,0.0,DEMO DATA — NOT FOR REAL-WORLD NAVIGATION,2026-09-21T13:29:46.824674
-56.0,22.0,-2.7,18.7,290.3,2.7,10.2,981.1,25.0,0.0,DEMO DATA — NOT FOR REAL-WORLD NAVIGATION,2026-09-21T13:29:46.824674
